Email,First Name,Last Name,Phone,dob
user1@example.com,FirstName43,LastName85,0338582671,1983-03-22
user2@example.com,FirstName71,LastName45,0339100157,2003-01-04
user3@example.com,FirstName30,LastName39,0874318900,1983-12-22
user4@example.com,FirstName42,LastName75,0962745069,1982-12-12
user5@example.com,FirstName92,LastName19,0607766552,2003-12-19
user6@example.com,FirstName19,LastName47,0188041216,2002-04-23
user7@example.com,FirstName49,LastName88,0647698883,2001-11-10
user8@example.com,FirstName32,LastName51,0138290942,1986-07-24
user9@example.com,FirstName58,LastName24,0559514301,1991-08-01
user10@example.com,FirstName49,LastName56,0594060563,1982-01-08
user11@example.com,FirstName52,LastName66,0196880806,1995-01-26
user12@example.com,FirstName25,LastName99,0152370661,1993-10-12
user13@example.com,FirstName26,LastName90,0462559462,2008-01-21
user14@example.com,FirstName63,LastName3,0762942881,1991-08-10
user15@example.com,FirstName59,LastName41,0600289533,1986-10-18
user16@example.com,FirstName96,LastName42,0804403431,2009-06-18
user17@example.com,FirstName31,LastName85,0406047799,1991-02-27
user18@example.com,FirstName54,LastName19,0318431451,1992-01-06
user19@example.com,FirstName38,LastName29,0800475205,2000-07-06
user20@example.com,FirstName85,LastName65,0421339604,1992-05-27
user21@example.com,FirstName18,LastName37,0822914941,1995-12-06
user22@example.com,FirstName72,LastName98,0959994535,2008-08-20
user23@example.com,FirstName31,LastName73,0562569656,2009-10-19
user24@example.com,FirstName94,LastName31,0032955031,1995-06-14
user25@example.com,FirstName16,LastName7,0278961871,1982-02-05
user26@example.com,FirstName65,LastName91,0764126179,2008-09-02
user27@example.com,FirstName78,LastName52,0684818618,2003-03-03
user28@example.com,FirstName37,LastName46,0700092660,1999-11-03
user29@example.com,FirstName73,LastName60,0741908302,2002-04-21
user30@example.com,FirstName27,LastName83,0673201193,1994-11-25
user31@example.com,FirstName6,LastName18,0656185754,2001-03-20
user32@example.com,FirstName63,LastName86,0109900973,2004-08-02
user33@example.com,FirstName35,LastName5,0658144916,1996-03-26
user34@example.com,FirstName13,LastName5,0822578098,2002-10-28
user35@example.com,FirstName43,LastName66,0768440989,1992-11-13
user36@example.com,FirstName7,LastName44,0202539224,2004-10-21
user37@example.com,FirstName77,LastName24,0269577805,1992-08-27
user38@example.com,FirstName23,LastName72,0412767834,1987-06-09
user39@example.com,FirstName12,LastName69,0528849923,2008-11-10
user40@example.com,FirstName86,LastName90,0989307405,2005-09-25
user41@example.com,FirstName35,LastName79,0707888834,1997-11-16
user42@example.com,FirstName9,LastName72,0883116046,2000-05-15
user43@example.com,FirstName51,LastName1,0221307699,1994-08-22
user44@example.com,FirstName96,LastName36,0099629653,2003-09-25
user45@example.com,FirstName19,LastName12,0461847340,1981-10-28
user46@example.com,FirstName18,LastName76,0080400522,1990-09-22
user47@example.com,FirstName46,LastName86,0575432969,1983-02-22
user48@example.com,FirstName32,LastName27,0396755936,1984-02-06
user49@example.com,FirstName70,LastName76,0899203726,1985-03-04
user50@example.com,FirstName19,LastName14,0927836840,1997-07-12
user51@example.com,FirstName90,LastName79,0417470647,1997-10-27
user52@example.com,FirstName63,LastName16,0106362797,1989-05-09
user53@example.com,FirstName53,LastName98,0990632485,1998-10-19
user54@example.com,FirstName72,LastName61,0783455026,1984-07-16
user55@example.com,FirstName68,LastName75,0714499631,1984-01-28
user56@example.com,FirstName7,LastName87,0404134803,1982-02-23
user57@example.com,FirstName8,LastName41,0663130762,1984-03-14
user58@example.com,FirstName66,LastName45,0475838845,1992-01-02
user59@example.com,FirstName96,LastName31,0228739687,1997-08-18
user60@example.com,FirstName94,LastName26,0231275312,2003-06-01
user61@example.com,FirstName24,LastName64,0526381326,1991-06-10
user62@example.com,FirstName22,LastName44,0322013237,1994-04-11
user63@example.com,FirstName33,LastName74,0934651463,1997-07-17
user64@example.com,FirstName96,LastName25,0922904229,2005-08-07
user65@example.com,FirstName19,LastName27,0516463568,2001-05-02
user66@example.com,FirstName3,LastName34,0087566137,2006-10-13
user67@example.com,FirstName30,LastName23,0699897350,2007-11-27
user68@example.com,FirstName19,LastName41,0555941202,1984-11-26
user69@example.com,FirstName96,LastName65,0558885312,1992-05-25
user70@example.com,FirstName25,LastName18,0969255695,2001-02-24
user71@example.com,FirstName0,LastName20,0152585140,2001-09-24
user72@example.com,FirstName19,LastName32,0794233187,1986-12-09
user73@example.com,FirstName79,LastName0,0532533994,1995-09-02
user74@example.com,FirstName86,LastName34,0646093784,1982-12-07
user75@example.com,FirstName90,LastName32,0236685987,1984-02-18
user76@example.com,FirstName81,LastName59,0164007647,2001-02-06
user77@example.com,FirstName67,LastName44,0711931043,1990-11-04
user78@example.com,FirstName39,LastName68,0804690852,2006-06-11
user79@example.com,FirstName78,LastName48,0497472013,1988-10-15
user80@example.com,FirstName22,LastName60,0384019153,1984-03-14
user81@example.com,FirstName61,LastName74,0744938453,2007-02-18
user82@example.com,FirstName62,LastName97,0473105860,1980-11-25
user83@example.com,FirstName61,LastName39,0988470952,1997-10-02
user84@example.com,FirstName83,LastName74,0595191615,1999-03-02
user85@example.com,FirstName22,LastName65,0900269865,1992-05-25
user86@example.com,FirstName26,LastName77,0177782572,2003-12-22
user87@example.com,FirstName66,LastName84,0834050784,1981-01-19
user88@example.com,FirstName49,LastName82,0844754517,2007-10-16
user89@example.com,FirstName46,LastName47,0371381302,1985-01-09
user90@example.com,FirstName29,LastName28,0979475001,1995-04-17
user91@example.com,FirstName29,LastName88,0030916005,2008-01-22
user92@example.com,FirstName1,LastName51,0687289602,1983-10-05
user93@example.com,FirstName38,LastName63,0859097078,1981-09-24
user94@example.com,FirstName71,LastName57,0920523675,1987-04-04
user95@example.com,FirstName23,LastName65,0255627178,1997-06-02
user96@example.com,FirstName7,LastName82,0200726503,1981-12-23
user97@example.com,FirstName43,LastName60,0892462466,2000-06-26
user98@example.com,FirstName51,LastName33,0734480661,1990-11-28
user99@example.com,FirstName71,LastName0,0760832546,1993-02-14
user100@example.com,FirstName14,LastName68,0303857687,1988-10-19
